,class,p_neg,p_pos
0,pos,0.005214118576,0.994785881424
1,pos,0.0491735877389,0.950826412261
